{
  "experiment": "v4_exp05_truncation_wound",
  "model": "google/t5gemma-2-4b-4b",
  "dataset": "ms_marco_v1.1",
  "n_samples": 500,
  "seed": 42,
  "timestamp": "2026-02-19 21:18:33",
  "bonferroni": 7,
  "conditions": {
    "bare": {
      "mean_nll": 2.554357421875
    },
    "oracle_trunc": {
      "mean_nll": 2.406107421875,
      "delta": 0.14825,
      "d": 0.22751727302766783,
      "win_pct": 67.80000000000001,
      "p": 5.146799338016911e-07
    },
    "surr_kw10": {
      "mean_nll": 2.4587666015625,
      "delta": 0.0955908203125,
      "d": 0.18595640599085606,
      "win_pct": 65.8,
      "p": 3.777320693703036e-05
    },
    "surr_wrong_kw10": {
      "mean_nll": 2.4369375,
      "delta": 0.117419921875,
      "d": 0.13070569907213445,
      "win_pct": 62.4,
      "p": 0.0036279614392416186
    },
    "surr_shuffled_sent": {
      "mean_nll": 2.4795576171875,
      "delta": 0.0747998046875,
      "d": 0.07828017256363429,
      "win_pct": 65.0,
      "p": 0.08066423929827334
    },
    "surr_generic_sent": {
      "mean_nll": 2.61019921875,
      "delta": -0.055841796875,
      "d": -0.06175066648446687,
      "win_pct": 50.8,
      "p": 0.16796260894942
    },
    "surr_wrong_first_sent": {
      "mean_nll": 2.49154296875,
      "delta": 0.062814453125,
      "d": 0.06296941079593378,
      "win_pct": 59.0,
      "p": 0.1597422558493332
    },
    "surr_first_sent": {
      "mean_nll": 2.818220703125,
      "delta": -0.26386328125,
      "d": -0.2984367954608514,
      "win_pct": 44.4,
      "p": 6.669458759262406e-11
    },
    "bare_nq": {
      "mean_nll": 3.676462890625
    },
    "oracle_trunc_nq": {
      "mean_nll": 2.992876953125,
      "d": 0.37550175616788295,
      "p": 4.793365874063871e-16
    }
  },
  "hypothesis_tests": {
    "overlap_effect": -0.36140620625678516,
    "coherence_effect": -0.3767169680244857,
    "coherence_main_effect": -0.22222662815034316,
    "overlap_main_effect": -0.20691586638264267
  }
}