{
  "experiment": "v4_exp01_production_kv_cache",
  "model": "google/t5gemma-2-4b-4b",
  "dataset": "ms_marco_v1.1",
  "n_samples": 500,
  "seed": 42,
  "timestamp": "2026-02-19 17:32:42",
  "key_result": {
    "enrichment_with_query_d": 0.22751727302766783,
    "enrichment_no_query_d": 0.37550175616788295,
    "ratio_pct": 60.5902021203723
  },
  "conditions": {
    "bare": {
      "mean_nll": 2.554357421875
    },
    "oracle_trunc": {
      "mean_nll": 2.406107421875,
      "delta": 0.14825,
      "d": 0.22751727302766783,
      "win_pct": 67.80000000000001,
      "p": 5.146799338016911e-07
    },
    "oracle_full": {
      "mean_nll": 2.259740234375,
      "delta": 0.2946171875,
      "d": 0.16653173751594044,
      "win_pct": 67.4,
      "p": 0.00021865456606028581
    },
    "surr_template_trunc": {
      "mean_nll": 2.592875,
      "delta": -0.038517578125,
      "d": -0.06925564308299044,
      "win_pct": 53.0,
      "p": 0.12211107984818728
    },
    "surr_doc_trunc": {
      "mean_nll": 2.44673828125,
      "delta": 0.107619140625,
      "d": 0.14770868990106292,
      "win_pct": 61.6,
      "p": 0.0010256903449807672
    },
    "random_trunc": {
      "mean_nll": 2.489943359375,
      "delta": 0.0644140625,
      "d": 0.0803272867184841,
      "win_pct": 54.6,
      "p": 0.07307181452026688
    },
    "bare_nq": {
      "mean_nll": 3.676462890625
    },
    "oracle_trunc_nq": {
      "mean_nll": 2.992876953125,
      "delta": 0.6835859375,
      "d": 0.37550175616788295,
      "win_pct": 92.60000000000001,
      "p": 4.793365874063871e-16
    }
  }
}