{
  "experiment": "v4_exp02_length_scaling",
  "model": "google/t5gemma-2-4b-4b",
  "n_samples": 500,
  "seed": 42,
  "length_bins": [
    "original",
    "256",
    "512",
    "1024",
    "2048",
    "4096"
  ],
  "timestamp": "2026-02-19 20:02:31",
  "bonferroni": 24,
  "analysis": {
    "original": {
      "mean_tokens": 97.972,
      "bare": {
        "mean_nll": 2.252330078125
      },
      "oracle_trunc": {
        "mean_nll": 2.1351318359375,
        "delta": 0.1171982421875,
        "d": 0.23782088439083662,
        "win_pct": 68.60000000000001,
        "p": 1.5875353052517417e-07
      },
      "surr_doc_trunc": {
        "mean_nll": 2.199134765625,
        "delta": 0.0531953125,
        "d": 0.16452105012899376,
        "win_pct": 60.8,
        "p": 0.0002598082797937314
      },
      "random_trunc": {
        "mean_nll": 2.279806640625,
        "delta": -0.0274765625,
        "d": -0.027866446237933867,
        "win_pct": 58.599999999999994,
        "p": 0.5334951565586439
      },
      "bare_nq": {
        "mean_nll": 3.308361328125
      },
      "oracle_trunc_nq": {
        "mean_nll": 2.7487421875,
        "delta": 0.559619140625,
        "d": 0.4269270027139504,
        "win_pct": 92.4,
        "p": 5.993901437925273e-20
      }
    },
    "256": {
      "mean_tokens": 256.326,
      "bare": {
        "mean_nll": 2.654939453125
      },
      "oracle_trunc": {
        "mean_nll": 2.3858896484375,
        "delta": 0.2690498046875,
        "d": 0.351598501753054,
        "win_pct": 78.60000000000001,
        "p": 2.3508346164477597e-14
      },
      "surr_doc_trunc": {
        "mean_nll": 2.4757109375,
        "delta": 0.179228515625,
        "d": 0.3637412917197885,
        "win_pct": 72.39999999999999,
        "p": 3.331670779072171e-15
      },
      "random_trunc": {
        "mean_nll": 2.51615234375,
        "delta": 0.138787109375,
        "d": 0.2538311972062618,
        "win_pct": 68.4,
        "p": 2.3434971024786353e-08
      },
      "bare_nq": {
        "mean_nll": 4.95310546875
      },
      "oracle_trunc_nq": {
        "mean_nll": 4.445740234375,
        "delta": 0.507365234375,
        "d": 0.5188818634917749,
        "win_pct": 84.8,
        "p": 1.0134349306133236e-27
      }
    },
    "512": {
      "mean_tokens": 512.37,
      "bare": {
        "mean_nll": 2.650837890625
      },
      "oracle_trunc": {
        "mean_nll": 2.4734765625,
        "delta": 0.177361328125,
        "d": 0.3229350929991343,
        "win_pct": 77.4,
        "p": 1.9378008040842492e-12
      },
      "surr_doc_trunc": {
        "mean_nll": 2.5251611328125,
        "delta": 0.1256767578125,
        "d": 0.3301314897754901,
        "win_pct": 69.39999999999999,
        "p": 6.576299385479974e-13
      },
      "random_trunc": {
        "mean_nll": 2.55536328125,
        "delta": 0.095474609375,
        "d": 0.2705958495298122,
        "win_pct": 68.60000000000001,
        "p": 2.8334341826771004e-09
      },
      "bare_nq": {
        "mean_nll": 4.976794921875
      },
      "oracle_trunc_nq": {
        "mean_nll": 4.56113671875,
        "delta": 0.415658203125,
        "d": 0.5166738531538173,
        "win_pct": 83.6,
        "p": 1.5955731466277117e-27
      }
    },
    "1024": {
      "mean_tokens": 1024.422,
      "bare": {
        "mean_nll": 2.70006640625
      },
      "oracle_trunc": {
        "mean_nll": 2.5050146484375,
        "delta": 0.1950517578125,
        "d": 0.4386298061045965,
        "win_pct": 79.2,
        "p": 6.951442797194334e-21
      },
      "surr_doc_trunc": {
        "mean_nll": 2.537107421875,
        "delta": 0.162958984375,
        "d": 0.39924858923992784,
        "win_pct": 77.60000000000001,
        "p": 8.354056624521729e-18
      },
      "random_trunc": {
        "mean_nll": 2.585359375,
        "delta": 0.11470703125,
        "d": 0.3566826024224965,
        "win_pct": 69.0,
        "p": 1.0436271369658355e-14
      },
      "bare_nq": {
        "mean_nll": 5.30041796875
      },
      "oracle_trunc_nq": {
        "mean_nll": 4.968974609375,
        "delta": 0.331443359375,
        "d": 0.4476216033357634,
        "win_pct": 80.4,
        "p": 1.2939469432257598e-21
      }
    },
    "2048": {
      "mean_tokens": 2048.45,
      "bare": {
        "mean_nll": 2.627751953125
      },
      "oracle_trunc": {
        "mean_nll": 2.47971875,
        "delta": 0.148033203125,
        "d": 0.39241160811964937,
        "win_pct": 75.8,
        "p": 2.7297181580560693e-17
      },
      "surr_doc_trunc": {
        "mean_nll": 2.520560546875,
        "delta": 0.10719140625,
        "d": 0.3961162116353641,
        "win_pct": 72.0,
        "p": 1.4396777463677865e-17
      },
      "random_trunc": {
        "mean_nll": 2.5516845703125,
        "delta": 0.0760673828125,
        "d": 0.28423079847328286,
        "win_pct": 62.8,
        "p": 4.687556171250055e-10
      },
      "bare_nq": {
        "mean_nll": 5.049384765625
      },
      "oracle_trunc_nq": {
        "mean_nll": 4.774822265625,
        "delta": 0.2745625,
        "d": 0.3834921568012436,
        "win_pct": 74.8,
        "p": 1.25160701230522e-16
      }
    },
    "4096": {
      "mean_tokens": 4096.364,
      "bare": {
        "mean_nll": 2.7167578125
      },
      "oracle_trunc": {
        "mean_nll": 2.5615419921875,
        "delta": 0.1552158203125,
        "d": 0.4260537102125776,
        "win_pct": 77.60000000000001,
        "p": 7.028325906424488e-20
      },
      "surr_doc_trunc": {
        "mean_nll": 2.603212890625,
        "delta": 0.113544921875,
        "d": 0.39649529439737075,
        "win_pct": 74.0,
        "p": 1.348122980183933e-17
      },
      "random_trunc": {
        "mean_nll": 2.661751953125,
        "delta": 0.055005859375,
        "d": 0.22106865918392601,
        "win_pct": 65.60000000000001,
        "p": 1.0509722073124392e-06
      },
      "bare_nq": {
        "mean_nll": 5.39632421875
      },
      "oracle_trunc_nq": {
        "mean_nll": 5.14387109375,
        "delta": 0.252453125,
        "d": 0.3420200807561021,
        "win_pct": 71.6,
        "p": 1.0599915390416378e-13
      }
    }
  },
  "decay_data": {
    "length_bin": [
      "original",
      "256",
      "512",
      "1024",
      "2048",
      "4096"
    ],
    "mean_tokens": [
      97.972,
      256.326,
      512.37,
      1024.422,
      2048.45,
      4096.364
    ],
    "d_oracle": [
      0.23782088439083662,
      0.351598501753054,
      0.3229350929991343,
      0.4386298061045965,
      0.39241160811964937,
      0.4260537102125776
    ],
    "d_surr_doc": [
      0.16452105012899376,
      0.3637412917197885,
      0.3301314897754901,
      0.39924858923992784,
      0.3961162116353641,
      0.39649529439737075
    ],
    "d_random": [
      -0.027866446237933867,
      0.2538311972062618,
      0.2705958495298122,
      0.3566826024224965,
      0.28423079847328286,
      0.22106865918392601
    ],
    "d_oracle_nq": [
      0.4269270027139504,
      0.5188818634917749,
      0.5166738531538173,
      0.4476216033357634,
      0.3834921568012436,
      0.3420200807561021
    ],
    "d_v3_oracle": [
      0.41,
      0.42,
      0.38,
      0.45,
      0.42,
      0.4
    ]
  },
  "padded_stats": {
    "original": {
      "mean": 97.972,
      "min": 35,
      "max": 217,
      "median": 97.0
    },
    "256": {
      "mean": 256.326,
      "min": 256,
      "max": 261,
      "median": 256.0
    },
    "512": {
      "mean": 512.37,
      "min": 512,
      "max": 521,
      "median": 512.0
    },
    "1024": {
      "mean": 1024.422,
      "min": 1024,
      "max": 1029,
      "median": 1024.0
    },
    "2048": {
      "mean": 2048.45,
      "min": 2048,
      "max": 2070,
      "median": 2048.0
    },
    "4096": {
      "mean": 4096.364,
      "min": 4096,
      "max": 4107,
      "median": 4096.0
    }
  },
  "v3_reference": {
    "original": 0.41,
    "256": 0.42,
    "512": 0.38,
    "1024": 0.45,
    "2048": 0.42,