{
  "experiment": "exp01_truncation_test",
  "model": "google/t5gemma-2-4b-4b",
  "n_samples": 200,
  "timestamp": "2026-02-17 20:34:58",
  "analysis": {
    "bare": {
      "mean_nll": 3.7188330078125
    },
    "oracle_full": {
      "mean_nll": 3.4306201171875,
      "delta": 0.288212890625,
      "d": 0.34528988216290063,
      "win_pct": 81.5,
      "p": 2.139861718512246e-06
    },
    "oracle_trunc": {
      "mean_nll": 3.08333984375,
      "delta": 0.6354931640625,
      "d": 0.4080489485128351,
      "win_pct": 94.0,
      "p": 2.989006280357576e-08
    },
    "surr_para_full": {
      "mean_nll": 3.5175146484375,
      "delta": 0.201318359375,
      "d": 0.29297322321423414,
      "win_pct": 72.0,
      "p": 5.060810769419523e-05
    },
    "surr_para_trunc": {
      "mean_nll": 3.207822265625,
      "delta": 0.5110107421875,
      "d": 0.35657356516501704,
      "win_pct": 87.5,
      "p": 1.0300342502814847e-06
    },
    "surr_doc_full": {
      "mean_nll": 3.4435009765625,
      "delta": 0.27533203125,
      "d": 0.3123870899590932,
      "win_pct": 79.5,
      "p": 1.63605266456834e-05
    },
    "surr_doc_trunc": {
      "mean_nll": 3.1645458984375,
      "delta": 0.554287109375,
      "d": 0.36310302907889613,
      "win_pct": 85.0,
      "p": 6.695953028084807e-07
    }
  },
  "oracle_retention_pct": 220.494358418324
}