{
  "experiment": "v4_exp06_factoid_split",
  "source": "exp01_checkpoint (reanalysis, no new scoring)",
  "n_samples": 500,
  "subgroups": {
    "ALL": {
      "label": "ALL",
      "n": 500,
      "d_oracle": 0.22751727302766783,
      "sig_oracle": "***",
      "d_surr": 0.14770868990106292,
      "sig_surr": "**",
      "d_random": 0.0803272867184841,
      "sig_random": "ns",
      "d_oracle_nq": 0.37550175616788295,
      "struct_frac": 35.30601683535284,
      "surr_pct": 64.92196743369917,
      "v4v3": 60.5902021203723,
      "mean_bare_nll": 2.554357421875
    },
    "Factoid": {
      "label": "Factoid",
      "n": 210,
      "d_oracle": 0.2837429075622117,
      "sig_oracle": "***",
      "d_surr": 0.19371279972337216,
      "sig_surr": "**",
      "d_random": 0.09937149221971672,
      "sig_random": "ns",
      "d_oracle_nq": 0.5011546718866319,
      "struct_frac": 35.02166558927262,
      "surr_pct": 68.27053454398676,
      "v4v3": 56.61783147586785,
      "mean_bare_nll": 4.716499255952381
    },
    "Long": {
      "label": "Long",
      "n": 290,
      "d_oracle": 0.4118691997596566,
      "sig_oracle": "***",
      "d_surr": 0.25946345105468677,
      "sig_surr": "***",
      "d_random": 0.20887602361097235,
      "sig_random": "***",
      "d_oracle_nq": 0.7600810314301105,
      "struct_frac": 50.714164529141904,
      "surr_pct": 62.99656570729126,
      "v4v3": 54.18753826611288,
      "mean_bare_nll": 0.9886685075431034
    }
  },
  "bin_data": [
    {
      "label": "1-2w",
      "n": 130,
      "d_oracle": 0.2991433899701696,
      "sig_oracle": "***",
      "d_surr": 0.19710551931307851,
      "sig_surr": "*",
      "d_random": 0.0975420154468374,
      "sig_random": "ns",
      "d_oracle_nq": 0.5603257469727079,
      "struct_frac": 32.60711040834438,
      "surr_pct": 65.88997982965084,
      "v4v3": 53.387407518994515,
      "mean_bare_nll": 6.1890625
    },
    {
      "label": "3-5w",
      "n": 80,
      "d_oracle": 0.3850357818603016,
      "sig_oracle": "***",
      "d_surr": 0.39071921758825323,
      "sig_surr": "***",
      "d_random": 0.29931426491371954,
      "sig_random": "**",
      "d_oracle_nq": 1.019627943151919,
      "struct_frac": 77.73674006804815,
      "surr_pct": 101.47607988548289,
      "v4v3": 37.76238033160036,
      "mean_bare_nll": 2.323583984375
    },
    {
      "label": "6-10w",
      "n": 63,
      "d_oracle": 0.45169630980654785,
      "sig_oracle": "***",
      "d_surr": 0.29224075890407814,
      "sig_surr": "*",
      "d_random": 0.21747344279374997,
      "sig_random": "ns",
      "d_oracle_nq": 1.0355020627887266,
      "struct_frac": 48.145941880040894,
      "surr_pct": 64.69850484925121,
      "v4v3": 43.620995654038346,
      "mean_bare_nll": 1.7861483134920635
    },
    {
      "label": "11-20w",
      "n": 100,
      "d_oracle": 0.5480522432305911,
      "sig_oracle": "***",
      "d_surr": 0.3261721748558032,
      "sig_surr": "**",
      "d_random": 0.23920143790141998,
      "sig_random": "*",
      "d_oracle_nq": 0.9486883461814091,
      "struct_frac": 43.64573648880711,
      "surr_pct": 59.51479605906245,
      "v4v3": 57.76947144302667,
      "mean_bare_nll": 1.0020703125
    },
    {
      "label": "21+w",
      "n": 127,
      "d_oracle": 0.34116022817321184,
      "sig_oracle": "***",
      "d_surr": 0.20989000524054496,
      "sig_surr": "*",
      "d_random": 0.25126928081156163,
      "sig_random": "**",
      "d_oracle_nq": 0.757450023649863,
      "struct_frac": 73.65139897959872,
      "surr_pct": 61.522413196998116,
      "v4v3": 45.04062545661966,
      "mean_bare_nll": 0.582515686515748
    }
  ]
}