{
  "experiment": "v4_exp07_decoder_attention_probing",
  "model": "google/t5gemma-2-4b-4b",
  "dataset": "ms_marco_v1.1",
  "n_samples": 500,
  "seed": 42,
  "n_decoder_layers": 34,
  "probe_layers": [
    0,
    5,
    11,
    17,
    22,
    33
  ],
  "timestamp": "2026-02-20 09:44:55",
  "nll": {
    "bare_nq": 3.6834375,
    "bare_q": 2.553734375,
    "oracle_trunc_nq": 2.99694140625,
    "oracle_trunc_q": 2.39665234375
  },
  "nll_effects": {
    "d_enc_nq": 0.3661813336415308,
    "d_enc_q": 0.238229063545353,
    "d_dec_bare": 0.3088698476093699,
    "d_dec_oracle": 0.2276073601417207,
    "d_interaction": 0.31609737157527185,
    "p_interaction": 5.318555921278646e-12
  },
  "query_buffer_mass": {
    "bare_q": 0.05455924,
    "oracle_q": 0.060966493999999996
  },
  "probe_summary": {
    "bare_nq": {
      "0": {
        "sb": {
          "mean": 0.382572902,
          "std": 0.08924875822999666
        },
        "sq": {
          "mean": 0.0,
          "std": 0.0
        },
        "sa": {
          "mean": 0.346711118,
          "std": 0.1421398324292669
        },
        "st": {
          "mean": 0.7292840639999999,
          "std": 0.06163740591186414
        },
        "ct": {
          "mean": 0.270712962,
          "std": 0.06161393497741039
        },
        "se": {
          "mean": 1.2336286,
          "std": 0.4503677309955055
        },
        "ce": {
          "mean": 1.1480594000000002,
          "std": 0.19387939223042763
        }
      },
      "5": {
        "sb": {
          "mean": 0.4842833,
          "std": 0.0628096890243058
        },
        "sq": {
          "mean": 0.0,
          "std": 0.0
        },
        "sa": {
          "mean": 0.13744146200000001,
          "std": 0.05225905262100104
        },
        "st": {
          "mean": 0.621724784,
          "std": 0.06094571144759362
        },
        "ct": {
          "mean": 0.378272038,
          "std": 0.06094140213510481
        },
        "se": {
          "mean": 0.8333630000000001,
          "std": 0.2267141949922854
        },
        "ce": {
          "mean": 1.6232486,
          "std": 0.24960395361059487
        }
      },
      "11": {
        "sb": {
          "mean": 0.28257860400000007,
          "std": 0.07820882058695927
        },
        "sq": {
          "mean": 0.0,
          "std": 0.0
        },
        "sa": {
          "mean": 0.085469672,
          "std": 0.03710272668476559
        },
        "st": {
          "mean": 0.36804827,
          "std": 0.08115972087927052
        },
        "ct": {
          "mean": 0.6319408479999999,
          "std": 0.0811759715684937
        },
        "se": {
          "mean": 0.6722994000000001,
          "std": 0.14824857375246484
        },
        "ce": {
          "mean": 2.329251,
          "std": 0.31790460981086766
        }
      },
      "17": {
        "sb": {
          "mean": 0.318118952,
          "std": 0.05889579718680864
        },
        "sq": {
          "mean": 0.0,
          "std": 0.0
        },
        "sa": {
          "mean": 0.07948262199999999,
          "std": 0.03549251953123525
        },
        "st": {
          "mean": 0.39760155399999997,
          "std": 0.06429755619712996
        },
        "ct": {
          "mean": 0.6023933859999999,
          "std": 0.06430367909223393
        },
        "se": {
          "mean": 0.679067,
          "std": 0.1482043404593806
        },
        "ce": {
          "mean": 2.3403823999999993,
          "std": 0.33970155450077055
        }
      },
      "22": {
        "sb": {
          "mean": 0.283792324,
          "std": 0.05030064747789062
        },
        "sq": {
          "mean": 0.0,
          "std": 0.0
        },
        "sa": {
          "mean": 0.36532310599999995,
          "std": 0.10695397052990023
        },
        "st": {
          "mean": 0.649115414,
          "std": 0.07231231418873693
        },
        "ct": {
          "mean": 0.35087795199999994,
          "std": 0.07230710802169933
        },
        "se": {
          "mean": 1.2193377999999997,
          "std": 0.314060448180219
        },
        "ce": {
          "mean": 1.6671838,
          "std": 0.3470336554248881
        }
      },
      "33": {
        "sb": {
          "mean": 0.130481974,
          "std": 0.025321680870932006
        },
        "sq": {
          "mean": 0.0,
          "std": 0.0
        },
        "sa": {
          "mean": 0.49962788999999996,
          "std": 0.05779816591046726
        },
        "st": {
          "mean": 0.6301098820000001,
          "std": 0.038464887818477726
        },
        "ct": {
          "mean": 0.36988290600000007,
          "std": 0.03846047640860893
        },
        "se": {
          "mean": 1.078306,
          "std": 0.23753579638446076
        },
        "ce": {
          "mean": 0.8508739999999999,
          "std": 0.1319643903634613
        }
      }
    },
    "bare_q": {
      "0": {
        "sb": {
          "mean": 0.323942778,
          "std": 0.05933047045420014
        },
        "sq": {
          "mean": 0.116483088,
          "std": 0.07647174705563001
        },
        "sa": {
          "mean": 0.34465886800000006,
          "std": 0.14156407680315855
        },
        "st": {
          "mean": 0.7850847759999999,
          "std": 0.0362441976047177
        },
        "ct": {
          "mean": 0.214911446,
          "std": 0.03624504560713207
        },
        "se": {
          "mean": 1.620168,
          "std": 0.29372314273138234
        },
        "ce": {
          "mean": 0.9820726,
          "std": 0.13356188059936863
        }
      },
      "5": {
        "sb": {
          "mean": 0.479024362,
          "std": 0.05803150646387664
        },
        "sq": {
          "mean": 0.06281058199999999,
          "std": 0.03167667493931893
        },
        "sa": {
          "mean": 0.14226674799999997,
          "std": 0.0516366773008924
        },
        "st": {
          "mean": 0.6841016959999999,
          "std": 0.05708802234195527
        },
        "ct": {
          "mean": 0.31589465399999994,
          "std": 0.057088973136239576
        },
        "se": {
          "mean": 1.0959780000000001,
          "std": 0.17080460777157036
        },
        "ce": {
          "mean": 1.3679940000000002,
          "std": 0.22411757798976856
        }
      },
      "11": {
        "sb": {
          "mean": 0.295928352,
          "std": 0.08966388695962325
        },
        "sq": {
          "mean": 0.061733006,
          "std": 0.03366391689263096
        },
        "sa": {
          "mean": 0.09919488200000001,
          "std": 0.03183907395833108
        },
        "st": {
          "mean": 0.4568562,
          "std": 0.11977985749427156
        },
        "ct": {
          "mean": 0.5431294259999999,
          "std": 0.11979760677451168
        },
        "se": {
          "mean": 0.9349551999999999,
          "std": 0.13403296920146177
        },
        "ce": {
          "mean": 1.9713694,
          "std": 0.3239797153582921
        }
      },
      "17": {
        "sb": {
          "mean": 0.31377916,
          "std": 0.05154816992152486
        },
        "sq": {
          "mean": 0.059937888,
          "std": 0.04665926330660886
        },
        "sa": {
          "mean": 0.09110492400000002,
          "std": 0.033807507982787255
        },
        "st": {
          "mean": 0.464821986,
          "std": 0.09175556302279336
        },
        "ct": {
          "mean": 0.5351660060000001,
          "std": 0.09175591089113531
        },
        "se": {
          "mean": 0.9441486,
          "std": 0.1548459668768935
        },
        "ce": {
          "mean": 2.0538167999999994,
          "std": 0.30154384622764235
        }
      },
      "22": {
        "sb": {
          "mean": 0.27791032199999993,
          "std": 0.045805664369314804
        },
        "sq": {
          "mean": 0.07362893400000001,
          "std": 0.055043786341108875
        },