{
  "experiment": "exp02_surrogate_type_sweep",
  "model": "google/t5gemma-2-4b-4b",
  "n_samples": 500,
  "timestamp": "2026-02-17 21:46:57",
  "analysis": {
    "bare": {
      "mean_nll": 3.676462890625
    },
    "oracle_trunc": {
      "mean_nll": 2.992876953125,
      "delta": 0.6835859375,
      "d": 0.37550175616788295,
      "win_pct": 92.60000000000001,
      "p": 4.793365874063871e-16
    },
    "surr_doc_trunc": {
      "mean_nll": 3.05596484375,
      "delta": 0.620498046875,
      "d": 0.32239670191140424,
      "win_pct": 87.4,
      "p": 2.099419694320429e-12
    },
    "surr_para_trunc": {
      "mean_nll": 3.0870302734375,
      "delta": 0.5894326171875,
      "d": 0.3045187749115066,
      "win_pct": 89.2,
      "p": 2.8280527314999375e-11
    },
    "static_fact_trunc": {
      "mean_nll": 3.258423828125,
      "delta": 0.4180390625,
      "d": 0.37191814573601095,
      "win_pct": 83.8,
      "p": 8.695460385895509e-16
    },
    "static_howto_trunc": {
      "mean_nll": 3.228048828125,
      "delta": 0.4484140625,
      "d": 0.34570622274126506,
      "win_pct": 85.6,
      "p": 5.959382195255885e-14
    },
    "random_trunc": {
      "mean_nll": 3.143205078125,
      "delta": 0.5332578125,
      "d": 0.30279454274188633,
      "win_pct": 87.6,
      "p": 3.6118123075348266e-11
    },
    "surr_lead_trunc": {
      "mean_nll": 3.4671875,
      "delta": 0.209275390625,
      "d": 0.15096367902900548,
      "win_pct": 64.2,
      "p": 0.0007938339527757099
    },
    "surr_template_trunc": {
      "mean_nll": 3.1173125,
      "delta": 0.559150390625,
      "d": 0.33615345683629855,
      "win_pct": 90.8,
      "p": 2.625070930758757e-13
    }
  },
  "content_gradient": {
    "spearman_rho": -0.1666666666666667,
    "spearman_p": 0.693238811728395,
    "pearson_r": 0.012587842408092012,
    "pearson_p": 0.9764002886052676
  },
  "best_doc_derived": "surr_template_trunc",
  "best_doc_derived_d": 0.33615345683629855,
  "best_doc_derived_pct_oracle": 89.52114106385373
}